fold,lgb_acc,lgb_f1,lgb_auc,xgb_acc,xgb_f1,xgb_auc,lgb_reg_mae,lgb_reg_rmse,lgb_reg_r2,xgb_reg_mae,xgb_reg_rmse,xgb_reg_r2
1,0.4,0.5,0.53125,0.36666666666666664,0.4864864864864865,0.32589285714285715,1.0861695285964041,1.6724015365112033,-0.005401335255713624,1.7855887237163477,2.147371756010011,-0.6575735770007833
2,0.6,0.6470588235294118,0.6444444444444444,0.5,0.5454545454545454,0.5377777777777778,1.6481096625161842,2.04301562421229,-0.027611130237871206,1.7498358036753854,2.152608193992936,-0.14081547007249529
3,0.4666666666666667,0.2727272727272727,0.7019230769230769,0.3333333333333333,0.16666666666666666,0.5288461538461539,4.705293857988033,6.845126741536258,-0.72980208488279,4.946367914231636,7.048499154949345,-0.8341157180621062
4,0.4666666666666667,0.2727272727272727,0.525462962962963,0.43333333333333335,0.2608695652173913,0.4583333333333333,1.6586069511053154,2.2129905605276607,-0.19867807786603775,1.733165364513589,2.2969046796429256,-0.29130664235395076
5,0.8333333333333334,0.7619047619047619,0.8552036199095023,0.8,0.75,0.8461538461538463,1.0656090303858774,1.3595398488177772,0.2070692396929974,1.047931377459816,1.464344896511704,0.0801052532237041
6,0.43333333333333335,0.37037037037037035,0.46153846153846156,0.43333333333333335,0.37037037037037035,0.4751131221719457,1.275735705293472,1.7337631671151117,-0.015520347389219813,1.441667915212333,1.8519037902397968,-0.15863308555329558
