fold,lgb_acc,lgb_f1,lgb_auc,xgb_acc,xgb_f1,xgb_auc,rf_acc,rf_f1,rf_auc,gb_acc,gb_f1,gb_auc,lr_acc,lr_f1,lr_auc
1,0.4,0.5,0.53125,0.36666666666666664,0.4864864864864865,0.32589285714285715,0.26666666666666666,0.42105263157894735,0.3348214285714286,0.4,0.5,0.4821428571428571,0.4,0.5714285714285714,0.42857142857142855
2,0.6,0.6470588235294118,0.6444444444444444,0.5,0.5454545454545454,0.5377777777777778,0.5333333333333333,0.5625,0.5422222222222223,0.5666666666666667,0.5517241379310345,0.5822222222222222,0.5333333333333333,0.5,0.4888888888888888
3,0.4666666666666667,0.2727272727272727,0.7019230769230769,0.3333333333333333,0.16666666666666666,0.5288461538461539,0.5,0.21052631578947367,0.5192307692307692,0.36666666666666664,0.17391304347826086,0.5192307692307692,0.3,0.2222222222222222,0.6538461538461539
4,0.4666666666666667,0.2727272727272727,0.525462962962963,0.43333333333333335,0.2608695652173913,0.4583333333333333,0.6,0.5384615384615384,0.6388888888888888,0.43333333333333335,0.41379310344827586,0.5,0.36666666666666664,0.0,0.625
5,0.8333333333333334,0.7619047619047619,0.8552036199095023,0.8,0.75,0.8461538461538463,0.7333333333333333,0.6923076923076923,0.7239819004524887,0.8333333333333334,0.8148148148148148,0.8959276018099548,0.5666666666666667,0.43478260869565216,0.583710407239819
6,0.43333333333333335,0.37037037037037035,0.46153846153846156,0.43333333333333335,0.37037037037037035,0.4751131221719457,0.4666666666666667,0.2727272727272727,0.40271493212669685,0.5333333333333333,0.46153846153846156,0.42081447963800905,0.4666666666666667,0.38461538461538464,0.4343891402714933
