fold,lgb_acc,lgb_f1,lgb_auc,xgb_acc,xgb_f1,xgb_auc
1,0.4,0.5,0.53125,0.36666666666666664,0.4864864864864865,0.32589285714285715
2,0.6,0.6470588235294118,0.6444444444444444,0.5,0.5454545454545454,0.5377777777777778
3,0.4666666666666667,0.2727272727272727,0.7019230769230769,0.3333333333333333,0.16666666666666666,0.5288461538461539
4,0.4666666666666667,0.2727272727272727,0.525462962962963,0.43333333333333335,0.2608695652173913,0.4583333333333333
5,0.8333333333333334,0.7619047619047619,0.8552036199095023,0.8,0.75,0.8461538461538463
6,0.43333333333333335,0.37037037037037035,0.46153846153846156,0.43333333333333335,0.37037037037037035,0.4751131221719457
