lgb_oof_auc,lgb_oof_ap,lgb_best_thr,lgb_best_f1,xgb_oof_auc,xgb_oof_ap,xgb_best_thr,xgb_best_f1
0.4955045224232187,0.48921921688804826,0.33999999999999997,0.06311475409836066,0.49538942471517244,0.485104250504649,0.14,0.0630114566284779
