lgb_oof_auc,lgb_oof_ap,lgb_best_thr,lgb_best_f1,xgb_oof_auc,xgb_oof_ap,xgb_best_thr,xgb_best_f1,lgb_reg_mae,lgb_reg_rmse,lgb_reg_r2,xgb_reg_mae,xgb_reg_rmse,xgb_reg_r2
0.4955045224232187,0.48921921688804826,0.33999999999999997,0.06311475409836066,0.49538942471517244,0.485104250504649,0.14,0.0630114566284779,1.577297980379989,2.4448403465462523,-0.0006847304869996851,1.5854612350342618,2.453005904431789,-0.007380296169613443
