lgb_oof_auc,lgb_oof_ap,lgb_best_thr,lgb_best_f1,xgb_oof_auc,xgb_oof_ap,xgb_best_thr,xgb_best_f1,rf_oof_auc,rf_oof_ap,rf_best_thr,rf_best_f1,gb_oof_auc,gb_oof_ap,gb_best_thr,gb_best_f1,lr_oof_auc,lr_oof_ap,lr_best_thr,lr_best_f1
0.4955045224232187,0.48921921688804826,0.33999999999999997,0.06311475409836066,0.49538942471517244,0.485104250504649,0.14,0.0630114566284779,0.4954097959909329,0.4854319892131862,0.1,0.06298568507157465,0.49541016637776486,0.48753608652806246,0.1,0.06298568507157465,0.4953064580648028,0.48463034737753863,0.1,0.06298568507157465
