model,auc,ap,accuracy,precision,recall,f1,best_threshold
LightGBM,0.8479992629302044,0.8402970230852427,0.7590879759087976,0.7223300970873786,0.8211920529801324,0.768595041322314,0.48
XGBoost,0.9477013793205624,0.944476870913419,0.8722305872230587,0.8509029819403612,0.8944812362030905,0.8721480843736548,0.48
