model,auc,ap,accuracy,precision,recall,f1,best_threshold
LightGBM,0.8479992629302044,0.8402970230852427,0.7590879759087976,0.7223300970873786,0.8211920529801324,0.768595041322314,0.48
XGBoost,0.9477013793205624,0.944476870913419,0.8722305872230587,0.8509029819403612,0.8944812362030905,0.8721480843736548,0.48
Random Forest,0.9405938412077576,0.9348307278542987,0.8659926865992686,0.846706081081081,0.8852097130242825,0.8655298942369954,0.49
Ensemble,0.9434434122998059,0.9388145180511602,0.8715852871585287,0.8626086956521739,0.8759381898454747,0.8692223439211391,0.49
